File Name,Line Count,Total Nucleotides,A,T,C,G,GC Content (%)
split_1.fasta,30,1960,673,465,342,480,41.93877551020408
split_10.fasta,2,70,26,16,8,20,40.0
split_11.fasta,2,70,13,12,17,28,64.28571428571429
split_12.fasta,2,70,27,8,12,23,50.0
split_13.fasta,2,70,30,8,18,14,45.714285714285715
split_14.fasta,2,70,21,23,15,11,37.142857142857146
split_15.fasta,2,70,23,21,16,10,37.142857142857146
split_16.fasta,2,70,27,13,14,16,42.857142857142854
split_17.fasta,2,70,12,21,18,19,52.85714285714286
split_18.fasta,2,70,22,15,11,22,47.14285714285714
split_19.fasta,2,70,29,12,15,14,41.42857142857143
split_2.fasta,29,1960,717,437,319,487,41.12244897959184
split_20.fasta,2,70,24,17,14,15,41.42857142857143
split_21.fasta,2,70,26,17,13,14,38.57142857142858
split_22.fasta,2,70,34,15,11,10,30.0
split_23.fasta,2,70,21,12,9,28,52.85714285714286
split_24.fasta,2,70,26,18,16,10,37.142857142857146
split_25.fasta,2,70,30,15,10,15,35.714285714285715
split_26.fasta,2,70,21,16,13,20,47.14285714285714
split_27.fasta,2,70,35,13,13,9,31.428571428571427
split_28.fasta,2,70,35,13,14,8,31.428571428571427
split_29.fasta,2,70,28,15,16,11,38.57142857142858
split_3.fasta,11,700,221,161,147,171,45.42857142857143
split_30.fasta,2,70,24,19,11,16,38.57142857142858
split_31.fasta,2,70,25,12,18,15,47.14285714285714
split_32.fasta,2,70,23,17,14,16,42.857142857142854
split_33.fasta,2,70,26,14,14,16,42.857142857142854
split_34.fasta,2,70,23,12,11,24,50.0
split_35.fasta,2,70,27,14,15,14,41.42857142857143
split_36.fasta,2,70,25,18,10,17,38.57142857142858
split_37.fasta,2,70,22,20,15,13,40.0
split_38.fasta,2,70,16,18,18,18,51.42857142857142
split_39.fasta,2,70,25,16,16,13,41.42857142857143
split_4.fasta,27,1809,614,408,328,459,43.50469872857933
split_40.fasta,2,70,17,20,17,16,47.14285714285714
split_41.fasta,2,70,26,15,16,13,41.42857142857143
split_42.fasta,2,70,30,10,13,17,42.857142857142854
split_43.fasta,2,70,30,15,11,14,35.714285714285715
split_44.fasta,2,70,25,20,11,14,35.714285714285715
split_45.fasta,2,70,30,12,9,19,40.0
split_46.fasta,2,70,31,13,13,13,37.142857142857146
split_47.fasta,2,70,28,10,15,17,45.714285714285715
split_48.fasta,2,70,17,11,16,26,60.0
split_49.fasta,2,70,31,13,9,17,37.142857142857146
split_5.fasta,2,70,34,13,8,15,32.857142857142854
split_50.fasta,2,70,20,19,10,21,44.285714285714285
split_6.fasta,2,70,20,12,16,22,54.285714285714285
split_7.fasta,3,140,51,32,23,34,40.714285714285715
split_8.fasta,2,70,21,6,19,24,61.42857142857143
split_9.fasta,2,70,29,11,15,15,42.857142857142854
